<?xml version="1.0" encoding="UTF-8"?>
<extentreports>
    <configuration>
        <!-- report theme -->
        <!-- standard, dark -->
        <theme>standard</theme>
    
        <!-- document encoding -->
        <!-- defaults to UTF-8 -->
        <encoding>UTF-8</encoding>
        
        <!-- protocol for script and stylesheets -->
        <!-- defaults to https -->
        <protocol>https</protocol>
        
        <!-- title of the document -->
        <documentTitle>Test Automation Report</documentTitle>

        <reportName>
            <image id="image-zoom">
              <![CDATA[	
		    <img src='logo.png'/>
		    ]]>
        </image>

      </reportName>

      <chartVisibilityOnOpen>true</chartVisibilityOnOpen>
        
        <!-- report name - displayed at top-nav -->
        <reportName>Schroder's Test Automation Report</reportName>
      <reportHeadline>Test Environment</reportHeadline>
        <!-- location of charts in the test view -->
        <!-- top, bottom -->
        <testViewChartLocation>bottom</testViewChartLocation>
        
        <!-- custom javascript -->
        <scripts>
            <![CDATA[
                $(document).ready(function() {
                  $("#image-zoom").src("src",src);
	                $("#image-zoom").append("src",src);
                });
            ]]>
        </scripts>
        
        <!-- custom styles -->
        <styles>
          <![CDATA[
            .report-name { padding-left: 120px; } .report-name > img { float: left;height: 90%;margin-left: 120px;margin-top: 2px;width: auto; }
          ]]>
        </styles>
    </configuration>
</extentreports>